,Quantity Ordered,Sum
0,28114,4613443.34
1,22703,3736726.88
2,20558,3390670.24
3,19798,3199603.2
4,18667,3152606.75
5,17005,2807100.38
6,16072,2647775.7600000002
7,15253,2577802.2600000002
8,13448,2244467.88
9,13449,2202022.42
10,13109,2097560.13
11,10903,1822256.73
