,Quantity Ordered,Sum
0,28114,4613443.34000153
1,22703,3736726.8800009703
2,20558,3390670.240000703
3,19798,3199603.200000587
4,18667,3152606.750000553
5,17005,2807100.3800003603
6,16072,2647775.760000239
7,15253,2577802.2600001763
8,13448,2244467.879999993
9,13449,2202022.4199999655
10,13109,2097560.129999891
11,10903,1822256.7299999131
